,SalePrice
Id,-0.011983903269618101
MSSubClass,-0.060110971437894255
MSZoning,-0.223772186197511
LotFrontage,0.3195969955942597
LotArea,0.24981192841295918
Street,0.04438933020240158
Alley,0.14672781613930674
LotShape,-0.2790362257678561
LandContour,0.04110806476856722
Utilities,-0.014787663529135018
LotConfig,-0.07873924222343029
LandSlope,0.05365513834497368
Neighborhood,0.06830096472435024
Condition1,0.12160105595055182
Condition2,-0.003529351502524227
BldgType,-0.058483993712050035
HouseStyle,0.21382875635072213
OverallQual,0.7842943070502598
OverallCond,-0.048005444061504775
YearBuilt,0.5645580122474423
YearRemodAdd,0.5411605969220502
RoofStyle,0.11011372359108218
RoofMatl,0.08266293977007982
Exterior1st,-0.15530996646901607
Exterior2nd,-0.1352028455209085
MasVnrType,-0.2889836300510728
MasVnrArea,0.3527939498180646
ExterQual,-0.5630257029784964
ExterCond,0.13211604186469347
Foundation,0.4032398218629258
BsmtQual,-0.5398982341805973
BsmtCond,0.008918909114162241
BsmtExposure,-0.2543276814285916
BsmtFinType1,-0.10857817244687654
BsmtFinSF1,0.29037668450325693
BsmtFinType2,-0.009909726827743279
BsmtFinSF2,0.007154256290366001
BsmtUnfSF,0.22279549430718912
TotalBsmtSF,0.5435083894714409
Heating,-0.12139513745651445
HeatingQC,-0.41133701943395706
CentralAir,0.29618895842885873
Electrical,0.2665406056779897
1stFlrSF,0.5227849922009555
2ndFlrSF,0.31735810943810183
LowQualFinSF,-0.0580863616385848
GrLivArea,0.6613245737771347
BsmtFullBath,0.20218500371700837
BsmtHalfBath,-0.018826733626082254
FullBath,0.57736866134233
HalfBath,0.2788305482821186
BedroomAbvGr,0.20161015937801444
KitchenAbvGr,-0.14738505304031083
KitchenQual,-0.49735903222664435
TotRmsAbvGrd,0.47229205760588455
Functional,0.12000994085576555
Fireplaces,0.4530097560700038
FireplaceQu,-0.41782794537436474
GarageType,-0.4894180740347383
GarageYrBlt,0.5078941440079247
GarageFinish,-0.5677716815992655
GarageCars,0.6280130726058861
GarageArea,0.6072296208151153
GarageQual,0.011124302469988299
GarageCond,0.021760916002263108
PavedDrive,0.26407809773267926
WoodDeckSF,0.30233863099283675
OpenPorchSF,0.32579072795621805
EnclosedPorch,-0.14499581280359472
3SsnPorch,0.043323697449592795
ScreenPorch,0.10885107297205648
PoolArea,0.04868221043294198
PoolQC,-0.04760109504891672
Fence,0.1465623366192118
MiscFeature,0.0655931885184146
MiscVal,-0.01287187324496194
MoSold,0.07047782249696379
YrSold,-0.02824534951249439
SaleType,-0.005539160592881558
SaleCondition,0.2022203751850325
SalePrice,1.0
